1,1017874,101
1,1020778,101
1,1037847,101
1,1053507,91
4,1000335,1
4,1014252,1
4,1015272,1
4,1022925,1
4,1026581,1
4,1053507,71
4,1082975,1
5,1003454,91
5,1010787,1
5,1013012,1
5,1013025,101
5,1014120,101
5,1014252,1
5,1021580,1
5,1029489,91
5,1037847,91
5,1045704,91
6,1000335,51
6,1006078,31
6,1008023,31
6,1010787,71
6,1014252,71
6,1015272,1
6,1017874,51
6,1021142,1
6,1022925,71
6,1053507,71
7,1027978,91
7,1051565,91
9,1002217,71
9,1009545,91
9,1013025,91
9,1016600,51
9,1021515,91
9,1029489,91
10,1000335,71
10,1000454,41
10,1002280,31
10,1002960,51
10,1003454,11
10,1005017,11
10,1005290,91
10,1006078,57
10,1006971,61
10,1008023,21
10,1009214,21
10,1009400,21
10,1009545,35
10,1010787,61
10,1011104,61
10,1013012,11
10,1013438,41
10,1014091,41
10,1014252,31
10,1015272,77
10,1016600,31
10,1017874,71
10,1020778,71
10,1021142,66
10,1021580,21
10,1025892,51
10,1026581,46
10,1027718,31
10,1027798,61
10,1028073,41
10,1029091,41
10,1029489,41
10,1037847,61
10,1045704,21
10,1053507,51
10,1098153,51
11,1010787,91
11,1017874,51
11,1037847,1
11,1045696,91
11,1053507,91
12,1007420,1
12,1014091,1
12,1017874,91
12,1045696,91
12,1053507,91
13,1003229,91
13,1005290,101
13,1006971,91
13,1013691,91
13,1016600,91
13,1021580,91
13,1024565,51
13,1027798,91
13,1028073,94
13,1098153,99
14,1007331,91
14,1014120,91
14,1037847,101
14,1045704,101
14,1051565,91
15,1000335,91
15,1000454,91
15,1005017,51
15,1005290,71
15,1006078,71
15,1008023,91
15,1009214,91
15,1009400,91
15,1010787,91
15,1011710,91
15,1014252,71
15,1015272,71
15,1017874,91
15,1020778,91
15,1021142,91
15,1022925,51
15,1028073,91
15,1029833,91
15,1046217,1
15,1053507,91
17,1001612,91
17,1002280,91
17,1003229,101
17,1005017,91
17,1006078,91
17,1007331,91
17,1007420,101
17,1008023,91
17,1013438,91
17,1026581,91
17,1027718,91
17,1037731,91
19,1046217,1
20,1000335,80
20,1000454,91
20,1002217,91
20,1002960,93
20,1003229,79
20,1003454,91
20,1003704,31
20,1004459,14
20,1005017,94
20,1005290,91
20,1006078,91
20,1006971,71
20,1007206,77
20,1007331,81
20,1007420,81
20,1007607,92
20,1007986,76
20,1008023,72
20,1009214,91
20,1009400,91
20,1010787,79
20,1011104,79
20,1011710,81
20,1013012,86
20,1013025,81
20,1013424,95
20,1013438,87
20,1013691,91
20,1014120,81
20,1014252,71
20,1014381,81
20,1015272,91
20,1016600,91
20,1017716,81
20,1017874,1
20,1020778,79
20,1021142,80
20,1021580,82
20,1022538,84
20,1022925,99
20,1023542,91
20,1024523,93
20,1024533,91
20,1024565,81
20,1025477,96
20,1025776,78
20,1026581,82
20,1027718,74
20,1027798,93
20,1027978,81
20,1028073,81
20,1029091,71
20,1029489,80
20,1029833,51
20,1037731,82
20,1037847,81
20,1045696,81
20,1045704,71
20,1051565,90
20,1053507,43
20,1098153,81
21,1002960,101
21,1014252,91
21,1037847,91
21,1045704,91
22,1013025,91
23,1002960,91
23,1003454,91
23,1005290,51
23,1012395,91
23,1013012,101
24,1002960,31
24,1003229,1
24,1003454,1
24,1007331,1
24,1007420,51
24,1012395,1
24,1013012,31
24,1013438,1
24,1016600,51
24,1027718,71
24,1027798,1
24,1037731,91
24,1037847,91
24,1045696,51
24,1045704,1
24,1046217,1
24,1051565,71
24,1053507,71
25,1000335,71
25,1006971,91
25,1011104,91
25,1015272,101
25,1017874,101
25,1022925,51
25,1028073,101
25,1029091,1
26,1037731,91
26,1045696,31
26,1051565,1
26,1053507,71
27,1013025,91
28,1001612,101
28,1002960,101
28,1003454,91
28,1013012,91
28,1014120,81
28,1027978,71
28,1034214,91
28,1037847,101
28,1045704,101
28,1051565,92
29,1000335,71
29,1014252,91
29,1015272,71
29,1017874,71
29,1022925,91
29,1027798,91
29,1028073,91
29,1029091,91
29,1037847,91
29,1053507,91
29,1098153,91
30,1045696,101
30,1053507,101
31,1004459,91
31,1021580,91
31,1053507,91
31,1098153,91
32,1098153,91
33,1014120,91
33,1051565,91
34,1005017,91
34,1005290,71
34,1007331,101
34,1010787,101
34,1014091,81
34,1016600,91
34,1020778,101
34,1021580,1
34,1027718,91
34,1027798,91
34,1037731,101
34,1037847,71
34,1045696,101
34,1045704,21
34,1053507,101
35,1000454,1
35,1002280,1
35,1002960,1
35,1007420,1
35,1008023,1
35,1008048,91
35,1013012,31
35,1013025,31
35,1013438,31
35,1014091,1
35,1014120,91
35,1021142,1
35,1021580,51
35,1023542,31
35,1026690,1
35,1027718,1
35,1027798,91
35,1027978,91
35,1029489,91
35,1034214,91
35,1037847,91
35,1045704,1
35,1046217,1
35,1051565,101
35,1053507,91
35,1098153,91
36,1045696,79
36,1053507,101
37,1000335,51
37,1000454,51
37,1006078,51
37,1009400,51
37,1010787,71
37,1015272,51
37,1017874,51
37,1020778,51
37,1021142,71
37,1022925,91
37,1053507,71
40,1027798,1
40,1051565,71
40,1053507,91
41,1000335,1
41,1003216,1
41,1004459,1
41,1005017,1
41,1007206,1
41,1007331,1
41,1008023,51
41,1009214,51
41,1010787,51
41,1013691,1
41,1015272,1
41,1017874,1
41,1020778,51
41,1023542,1
41,1026581,1
41,1028073,31
41,1029833,1
41,1053507,91
42,1017874,91
44,1000454,101
44,1001612,101
44,1002960,91
44,1003229,101
44,1003454,91
44,1004459,1
44,1007420,101
44,1009214,1
44,1009400,1
44,1009545,91
44,1010787,101
44,1012395,1
44,1013012,91
44,1013438,91
44,1014091,1
44,1014120,101
44,1014252,101
44,1016600,101
44,1017874,101
44,1021580,1
44,1023542,101
44,1024533,1
44,1025776,1
44,1027718,101
44,1027798,101
44,1027978,101
44,1028073,1
44,1029489,91
44,1034214,101
44,1037731,101
44,1037847,101
44,1045696,101
44,1045704,101
44,1046217,1
44,1051565,101
44,1053507,101
46,1000335,1
46,1000454,91
46,1002217,81
46,1002280,91
46,1003229,21
46,1003704,81
46,1004994,1
46,1005017,91
46,1005290,91
46,1006078,61
46,1006971,1
46,1007095,21
46,1007206,91
46,1007420,61
46,1007607,11
46,1007986,21
46,1008023,91
46,1008048,51
46,1009214,91
46,1009400,21
46,1009545,91
46,1010787,11
46,1011104,1
46,1011710,61
46,1012998,1
46,1013012,1
46,1013025,51
46,1013350,21
46,1013424,91
46,1013438,91
46,1013691,81
46,1014091,1
46,1015272,91
46,1016600,21
46,1017716,11
46,1017874,1
46,1018350,31
46,1018442,31
46,1020778,71
46,1021142,41
46,1021515,71
46,1021580,91
46,1022538,21
46,1022925,61
46,1023542,31
46,1024523,81
46,1024533,51
46,1025477,101
46,1025776,81
46,1025892,1
46,1026581,91
46,1026690,41
46,1027718,1
46,1027798,101
46,1028073,21
46,1029091,91
46,1029489,91
46,1029833,11
46,1037847,1
46,1046217,1
46,1053507,1
46,1098153,61
47,1006078,1
47,1013012,51
47,1051565,91
49,1000335,91
49,1009214,1
49,1009400,91
49,1010787,1
49,1014091,91
49,1016600,1
49,1017874,91
49,1046217,91
50,1017874,91
50,1046217,1
50,1053507,91
51,1000335,81
51,1000454,51
51,1002183,71
51,1005017,1
51,1005290,1
51,1007331,1
51,1007607,1
51,1009400,1
51,1011104,101
51,1011710,1
51,1013350,1
51,1014252,1
51,1020778,1
51,1020949,1
51,1021142,1
51,1021580,71
51,1024523,1
51,1024533,1
51,1026581,1
51,1029833,1
51,1037847,91
51,1045704,75
51,1046217,1
51,1051565,51
51,1053507,44
51,1082975,1
51,1098153,1
52,1000335,1
52,1006078,1
52,1007206,1
52,1008023,1
52,1009545,1
52,1010787,91
52,1013424,1
52,1013691,1
52,1014091,1
52,1014252,91
52,1014381,1
52,1015272,1
52,1017874,1
52,1021580,1
52,1022925,1
52,1025477,1
52,1053507,91
53,1000454,91
53,1004994,91
53,1009545,91
53,1013438,91
53,1014091,91
53,1014120,101
53,1014252,101
53,1016600,91
53,1025892,91
53,1027718,101
53,1037731,41
53,1037847,91
53,1045704,101
53,1046217,101
53,1051565,101
54,1014120,101
54,1045704,101
54,1051565,101
55,1000335,91
55,1000454,91
55,1005017,91
55,1006971,91
55,1009400,91
55,1014091,101
55,1028073,91
55,1037847,61
55,1045696,101
55,1046217,91
55,1053507,101
56,1002960,51
56,1037847,31
56,1045704,71
57,1003229,91
57,1008023,31
57,1009214,1
57,1010787,91
57,1011710,51
57,1022925,71
57,1053507,91
57,1098153,51
58,1000335,91
58,1011104,71
58,1015272,91
58,1017874,91
58,1020778,91
58,1021580,71
58,1028073,71
60,1004459,91
60,1037731,91
60,1051565,91
61,1053507,91
62,1000335,101
62,1000454,101
62,1002217,71
62,1008023,71
62,1010787,81
62,1011104,81
62,1015272,81
62,1017874,71
62,1020778,101
62,1021142,81
62,1022925,81
62,1027798,21
62,1029091,71
62,1037847,81
62,1045696,41
62,1053507,41
62,1098153,81
63,1000335,31
63,1010787,31
63,1014252,31
63,1016600,1
63,1017874,1
63,1037847,31
63,1045704,71
63,1051565,31
63,1053507,91
64,1008023,101
64,1010787,101
64,1014091,91
64,1014120,101
64,1014252,101
64,1045704,101
65,1014091,101
66,1002217,91
66,1003229,101
66,1006078,88
66,1006971,101
66,1007607,88
66,1008023,91
66,1009400,91
66,1010787,1
66,1011104,91
66,1012998,1
66,1013691,91
66,1014091,1
66,1015272,81
66,1016600,84
66,1017874,1
66,1021142,71
66,1022925,85
66,1027798,91
66,1028073,1
66,1029833,63
66,1037847,1
66,1053507,1
67,1001612,101
67,1002960,101
67,1003454,101
67,1004459,101
67,1004994,101
67,1012998,101
67,1013012,91
67,1014091,101
67,1014120,101
67,1014252,101
67,1016600,101
67,1025892,101
67,1027718,101
67,1034214,101
67,1037731,101
67,1037847,91
67,1045696,101
67,1045704,101
67,1046217,101
67,1051565,91
67,1053507,101
68,1016600,91
68,1025776,91
69,1053507,91
70,1013012,91
71,1000335,91
71,1000454,91
71,1003454,91
71,1006971,91
71,1011104,91
71,1013012,91
71,1014091,91
71,1014252,91
71,1017874,91
71,1021580,91
71,1025892,91
71,1028073,91
71,1053507,91
72,1004459,91
72,1007331,91
72,1009545,91
72,1013012,91
72,1013025,91
72,1016600,91
72,1021580,91
72,1027978,91
72,1051565,91
72,1082975,51
72,1098153,91
73,1000454,91
73,1005290,91
73,1006078,91
73,1009400,91
73,1010787,91
73,1013025,91
73,1015272,91
73,1017874,91
73,1020778,91
73,1022925,91
73,1026581,91
73,1098153,91
75,1000335,31
75,1000454,11
75,1008023,31
75,1010787,21
75,1015272,11
75,1017874,84
75,1021142,51
75,1021580,31
75,1053507,91
76,1000335,1
76,1000454,1
76,1002217,1
76,1002960,1
76,1003229,1
76,1004459,1
76,1005017,1
76,1005290,1
76,1006078,71
76,1006971,1
76,1007206,1
76,1007331,1
76,1007420,1
76,1007607,11
76,1007986,1
76,1008023,1
76,1009214,1
76,1009400,1
76,1010787,1
76,1011104,1
76,1011710,1
76,1013012,1
76,1013025,3
76,1013424,1
76,1013438,1
76,1013691,1
76,1014252,1
76,1015272,1
76,1016600,1
76,1017874,1
76,1018350,51
76,1020778,1
76,1021142,1
76,1021515,1
76,1021580,1
76,1022925,11
76,1022971,1
76,1023542,1
76,1024523,1
76,1024533,1
76,1024565,1
76,1025477,1
76,1025892,1
76,1026581,1
76,1026690,1
76,1027718,1
76,1027798,1
76,1028073,1
76,1029091,1
76,1029833,1
76,1037847,1
76,1045696,1
76,1051565,1
76,1053507,1
76,1098153,51
77,1000335,91
77,1000454,91
77,1002183,86
77,1002217,91
77,1002960,21
77,1003229,80
77,1005017,77
77,1005290,72
77,1006078,86
77,1006971,91
77,1007607,74
77,1007986,86
77,1008023,84
77,1009214,76
77,1009400,83
77,1009545,81
77,1010787,85
77,1011104,91
77,1011710,79
77,1013012,51
77,1013025,71
77,1013350,89
77,1013438,88
77,1013691,95
77,1014252,89
77,1015272,101
77,1016600,62
77,1017874,91
77,1018350,77
77,1018442,71
77,1020778,81
77,1021142,98
77,1021580,81
77,1022925,89
77,1023954,51
77,1024523,86
77,1024533,88
77,1024565,81
77,1026581,87
77,1027798,91
77,1028073,94
77,1029091,91
77,1029833,78
77,1037847,91
77,1045696,71
77,1045704,11
77,1046217,51
77,1051565,86
77,1053507,85
77,1098153,1
78,1000335,91
78,1010787,91
78,1013012,91
78,1017874,91
78,1020778,91
78,1037847,101
78,1053507,91
79,1017874,1
79,1021142,1
79,1051565,91
80,1002960,101
80,1003454,101
80,1009545,51
80,1013012,81
80,1013025,91
80,1014252,71
80,1016600,31
80,1021580,1
80,1027718,51
80,1027798,91
80,1029489,91
80,1037847,101
80,1045704,97
80,1051565,79
80,1053507,51
82,1005017,71
82,1007206,71
82,1013025,91
82,1013424,81
82,1013438,71
82,1016600,91
82,1017874,31
82,1024523,51
82,1025735,91
82,1027718,71
82,1027798,81
82,1037731,81
82,1037847,87
82,1051565,81
82,1098153,71
83,1000335,31
83,1002217,51
83,1002960,51
83,1003229,1
83,1003454,51
83,1004459,1
83,1005017,31
83,1005290,31
83,1006078,51
83,1007420,1
83,1008023,71
83,1009214,31
83,1009400,1
83,1010787,71
83,1011104,1
83,1013012,71
83,1013025,71
83,1013424,91
83,1013438,51
83,1013691,91
83,1014091,1
83,1014120,51
83,1014252,31
83,1015272,71
83,1016600,71
83,1017874,1
83,1018350,51
83,1020778,51
83,1021142,31
83,1021580,1
83,1022925,1
83,1023542,91
83,1024523,31
83,1024533,31
83,1024565,1
83,1025477,1
83,1026581,71
83,1027718,51
83,1027798,1
83,1027978,71
83,1028073,31
83,1029091,51
83,1029489,1
83,1029833,1
83,1034214,1
83,1037731,51
83,1037847,71
83,1045704,1
83,1046217,31
83,1051565,51
83,1053507,71
83,1098153,31
84,1001612,58
84,1006078,82
84,1007420,73
84,1013012,1
84,1023542,51
84,1037847,1
84,1045696,68
84,1045704,1
84,1053507,31
84,1082975,31
84,1098153,81
85,1002960,91
86,1000454,71
86,1001612,31
86,1002960,31
86,1003229,71
86,1003454,71
86,1004459,91
86,1004994,1
86,1005017,71
86,1005290,1
86,1006078,51
86,1006971,31
86,1007331,71
86,1008023,51
86,1009400,71
86,1010787,31
86,1011104,31
86,1012395,71
86,1013012,51
86,1013025,71
86,1013424,31
86,1013438,51
86,1013691,31
86,1014091,1
86,1014252,1
86,1016600,51
86,1022971,1
86,1025892,1
86,1027718,71
86,1027798,51
86,1027978,31
86,1037731,91
86,1037847,1
86,1045696,1
86,1045704,1
86,1046217,1
86,1051565,1
86,1053507,31
86,1098153,51
87,1016600,71
87,1045704,1
88,1000335,91
88,1000454,91
88,1004459,91
88,1005017,91
88,1006078,91
88,1007331,91
88,1009214,91
88,1009400,91
88,1009545,91
88,1013012,91
88,1013025,91
88,1015272,91
88,1016600,91
88,1017874,91
88,1021142,91
88,1021580,91
88,1022925,91
88,1025477,91
88,1025776,91
88,1026581,91
88,1028073,91
88,1051565,91
88,1082975,91
88,1098153,91
89,1037847,71
91,1002960,31
91,1010787,1
91,1013025,51
91,1014120,91
91,1027978,91
91,1034214,31
91,1037847,71
91,1045704,51
91,1051565,91
91,1053507,51
92,1053507,91
93,1013025,101
93,1037847,31
93,1045704,101
95,1001612,91
95,1003454,91
95,1004459,91
95,1007331,91
95,1013012,91
95,1013025,91
95,1014120,91
95,1027718,91
95,1027978,91
95,1034214,91
95,1037731,91
95,1037847,91
95,1045696,91
95,1045704,91
95,1051565,91
95,1053507,91
96,1002280,91
96,1005017,101
96,1006078,91
96,1008023,91
96,1013438,91
96,1045696,101
97,1000335,91
97,1000454,101
97,1003454,91
97,1003704,91
97,1006971,91
97,1007420,91
97,1009400,91
97,1011104,91
97,1013012,91
97,1013025,76
97,1016600,91
97,1017874,91
97,1021580,91
97,1037847,91
97,1045704,91
99,1000335,51
99,1007331,51
99,1009545,1
99,1010787,71
99,1013012,31
99,1014252,71
99,1017874,71
99,1037847,91
99,1053507,71
100,1017874,91
100,1037847,101
100,1045696,91
100,1046217,1
100,1053507,91
102,1000335,91
102,1001612,1
102,1002960,1
102,1004459,91
102,1006971,90
102,1008023,71
102,1010787,91
102,1014252,101
102,1015272,71
102,1016600,91
102,1017874,51
102,1021580,51
102,1027718,101
102,1027798,91
102,1037847,101
102,1045696,41
102,1046217,1
102,1053507,91
103,1000454,71
103,1002280,41
103,1003229,101
103,1007206,101
103,1009214,41
103,1011104,81
103,1011710,91
103,1013438,101
103,1014252,71
103,1015272,1
103,1021515,101
103,1024565,91
103,1026690,47
103,1037731,101
103,1053507,84
104,1007331,91
105,1014091,91
105,1027718,101
106,1002960,101
106,1003454,91
106,1004459,1
106,1008048,101
106,1009545,1
106,1012395,88
106,1013012,101
106,1013025,101
106,1014120,101
106,1021580,51
106,1026690,101
106,1027978,101
106,1029489,101
106,1034214,101
106,1037847,101
106,1045704,91
106,1051565,91
107,1037847,101
107,1045696,71
107,1053507,101
108,1001612,101
108,1002960,91
108,1003454,101
108,1004994,1
108,1016600,101
108,1027718,101
108,1027978,101
108,1037731,101
108,1037847,91
108,1045704,101
108,1053507,101
109,1000335,51
109,1004459,51
109,1005017,1
109,1009214,1
109,1010787,51
109,1013012,71
109,1014252,71
109,1015272,1
109,1016600,31
109,1017874,51
109,1021142,1
109,1022925,1
109,1034214,51
109,1045696,51
109,1046217,1
109,1051565,31
109,1053507,91
110,1000335,91
110,1000454,91
110,1006078,71
110,1010787,91
110,1014252,91
110,1015272,91
110,1017874,91
110,1021142,91
110,1022925,91
110,1051565,91
110,1053507,71
111,1000454,97
111,1001612,11
111,1003704,14
111,1008023,1
111,1010787,91
111,1011104,86
111,1012395,1
111,1014120,101
111,1014252,91
111,1016600,81
111,1017874,81
111,1023542,101
111,1024533,91
111,1027718,71
111,1037731,21
111,1037847,101
111,1045704,91
111,1051565,101
111,1053507,101
113,1000454,91
113,1004459,91
113,1007331,91
113,1013012,91
113,1016600,91
113,1051565,91
113,1098153,91
114,1000335,81
114,1000454,91
114,1005290,91
114,1006078,91
114,1006971,91
114,1008023,71
114,1009214,51
114,1009400,91
114,1009545,91
114,1010787,91
114,1011104,91
114,1015272,91
114,1016600,91
114,1017874,91
114,1020778,81
114,1022925,81
114,1024523,51
114,1027798,91
114,1028073,91
114,1029091,91
114,1034214,81
114,1045704,91
115,1002960,101
115,1037847,101
117,1009545,91
117,1013012,91
117,1013025,91
117,1021580,91
117,1051565,91
119,1014120,101
119,1037847,101
119,1045704,101
120,1002960,91
120,1034214,101
120,1045704,101
121,1002960,91
121,1013012,91
121,1021580,101
121,1026690,101
121,1029489,91
121,1037847,91
121,1045704,91
122,1000335,91
122,1000454,91
122,1004459,91
122,1005017,91
122,1007331,91
122,1007420,91
122,1009214,31
122,1013012,71
122,1013025,91
122,1016600,1
122,1026581,91
122,1037731,91
122,1046217,51
122,1051565,91
122,1098153,51
124,1053507,91
126,1037847,91
127,1000335,1
127,1000454,1
127,1008023,1
127,1010787,1
127,1011104,1
127,1017874,1
127,1028073,1
127,1045696,91
127,1053507,1
128,1000335,51
128,1000454,1
128,1002217,1
128,1002960,49
128,1003229,1
128,1004459,1
128,1005290,1
128,1007420,51
128,1009214,1
128,1010787,1
128,1013012,51
128,1013025,1
128,1013350,1
128,1013438,1
128,1016600,1
128,1018350,1
128,1021142,1
128,1021580,1
128,1024565,64
128,1025776,1
128,1026690,1
128,1029489,1
128,1045704,1
128,1051565,31
128,1053507,1
128,1082975,1
128,1098153,51
129,1027978,101
129,1045704,101
129,1051565,101
130,1002960,91
130,1003454,91
130,1009545,91
130,1013012,91
130,1013025,82
130,1014120,91
130,1021580,91
130,1027978,96
130,1029489,91
130,1034214,101
130,1037847,91
130,1045704,91
130,1051565,91
131,1000335,1
131,1005290,51
131,1006078,51
131,1007331,51
131,1008023,31
131,1009214,71
131,1015272,1
132,1000335,71
132,1005017,1
132,1005290,91
132,1006078,91
132,1008023,71
132,1009214,51
132,1010787,71
132,1011104,91
132,1011710,1
132,1013438,1
132,1015272,101
132,1016600,1
132,1017874,91
132,1020778,101
132,1021142,71
132,1027798,101
132,1028073,71
132,1029833,91
132,1037847,1
132,1045696,91
132,1045704,1
132,1053507,81
133,1005017,91
133,1007331,91
134,1002960,91
134,1003454,91
134,1004459,101
134,1005017,1
134,1013012,91
134,1014120,91
134,1016600,71
134,1017874,1
134,1027718,1
134,1037847,101
134,1045704,101
134,1051565,101
134,1053507,91
135,1006971,51
135,1017874,81
135,1028073,51
135,1053507,1
136,1045696,91
137,1007420,91
137,1010787,91
137,1014091,91
137,1014252,91
137,1017874,91
137,1046217,91
137,1053507,91
138,1014120,101
138,1034214,101
138,1051565,101
139,1000335,31
139,1000454,101
139,1004994,91
139,1007607,90
139,1007986,101
139,1009214,101
139,1012998,91
139,1015272,101
139,1017716,91
139,1021142,101
139,1025892,91
140,1000335,11
140,1000454,21
140,1001612,72
140,1002217,1
140,1002280,31
140,1002960,11
140,1003229,11
140,1003454,11
140,1003704,1
140,1004459,1
140,1004994,11
140,1005017,71
140,1005290,52
140,1006078,71
140,1006971,11
140,1007095,41
140,1007206,91
140,1007331,11
140,1007420,1
140,1007607,31
140,1007986,1
140,1008023,51
140,1008048,31
140,1009214,71
140,1009400,11
140,1009545,81
140,1010787,11
140,1011104,11
140,1011710,31
140,1012395,11
140,1012998,21
140,1013012,1
140,1013025,1
140,1013424,11
140,1013438,1
140,1013691,41
140,1014091,71
140,1014120,11
140,1014252,51
140,1014381,71
140,1015272,11
140,1016600,21
140,1017403,1
140,1017716,61
140,1017874,11
140,1018350,1
140,1018442,21
140,1020778,21
140,1021142,21
140,1021580,21
140,1022538,81
140,1022925,11
140,1022971,11
140,1023542,21
140,1023954,101
140,1024523,81
140,1024533,31
140,1024565,1
140,1025735,31
140,1025776,81
140,1025892,41
140,1025939,1
140,1026581,81
140,1026690,91
140,1027718,1
140,1027798,21
140,1027978,21
140,1028073,21
140,1029091,5
140,1029489,21
140,1029833,41
140,1034214,11
140,1037731,1
140,1037847,21
140,1045696,11
140,1045704,21
140,1046217,11
140,1053507,21
140,1082975,41
140,1098153,21
141,1006078,91
141,1015272,91
141,1021142,91
141,1022925,91
141,1025477,91
142,1000335,1
142,1005290,1
142,1006078,1
142,1008023,1
142,1009214,31
142,1010787,1
142,1013012,1
142,1015272,1
142,1017874,1
142,1021142,1
142,1022925,1
142,1053507,1
143,1000454,1
143,1002183,1
143,1002960,1
143,1003216,1
143,1003454,1
143,1003704,1
143,1004459,1
143,1005290,1
143,1006078,1
143,1006971,1
143,1007206,1
143,1007331,8
143,1007607,1
143,1009545,1
143,1010787,30
143,1013012,47
143,1013025,1
143,1014091,1
143,1014120,1
143,1015272,1
143,1016600,81
143,1017716,21
143,1017874,1
143,1018350,1
143,1020778,1
143,1021142,1
143,1021580,1
143,1022925,1
143,1022971,1
143,1023542,1
143,1024523,1
143,1024533,1
143,1024565,1
143,1025477,1
143,1025735,1
143,1025776,1
143,1025892,1
143,1026581,1
143,1027718,4
143,1027798,30
143,1029489,1
143,1029833,1
143,1037847,1
143,1045704,1
143,1046217,1
143,1053507,1
143,1082975,1
144,1045704,91
147,1013012,91
147,1013025,91
147,1014252,91
147,1021580,91
147,1045704,91
147,1051565,91
148,1002960,101
148,1003454,91
148,1010787,91
148,1013012,101
148,1014120,1
148,1016600,91
148,1027718,91
148,1027978,91
148,1034214,101
148,1037731,1
148,1037847,101
148,1045704,91
148,1051565,101
148,1053507,91
149,1000335,101
149,1000454,61
149,1002217,1
149,1002280,1
149,1003229,101
149,1005017,1
149,1005290,1
149,1006078,1
149,1006971,101
149,1008023,11
149,1009400,101
149,1010787,1
149,1011104,21
149,1011710,101
149,1013350,51
149,1013424,41
149,1013438,11
149,1013691,51
149,1014252,1
149,1017874,61
149,1018442,1
149,1020778,1
149,1021142,1
149,1021515,101
149,1022925,1
149,1024523,11
149,1028073,91
149,1029833,1
149,1037847,1
149,1046217,1
149,1053507,1
150,1004459,101
150,1006078,1
150,1007420,1
150,1009400,91
150,1013012,91
150,1013438,101
150,1015272,1
150,1016600,101
150,1017874,1
150,1021142,1
150,1037847,1
150,1053507,1
151,1037847,1
153,1002960,1
153,1053507,1
154,1037847,1
154,1045704,1
154,1053507,101
155,1005017,91
155,1005290,91
155,1014091,91
155,1037847,91
155,1045704,91
156,1017874,51
156,1053507,71
157,1008023,1
157,1010787,1
157,1014091,1
157,1015272,1
157,1017874,1
157,1021142,1
157,1022925,1
157,1026581,1
157,1045696,1
157,1053507,1
158,1006078,91
158,1014091,91
158,1017874,91
158,1053507,91
159,1022925,1
159,1051565,91
160,1010787,91
160,1022925,71
160,1027798,91
160,1053507,71
161,1000335,91
161,1000454,91
161,1003229,91
161,1010787,91
161,1011104,81
161,1014091,1
161,1017874,91
161,1020778,71
161,1037847,91
161,1045696,81
161,1045704,71
161,1053507,91
162,1004994,1
162,1010787,66
162,1017874,51
162,1037847,27
162,1045696,81
162,1053507,71
163,1002960,101
163,1010787,1
163,1014120,91
163,1017874,1
163,1027978,31
163,1037847,61
163,1045696,71
163,1045704,81
163,1053507,101
164,1004459,91
164,1006078,91
164,1008023,91
164,1014091,91
164,1017874,91
164,1022925,91
164,1053507,91
167,1013025,91
167,1016600,91
168,1000335,101
168,1000454,81
168,1006078,79
168,1010787,87
168,1011104,91
168,1015272,71
168,1017874,84
168,1020778,82
168,1027798,73
168,1028073,91
168,1053507,75
169,1010787,71
169,1014252,91
169,1017874,71
169,1037847,101
169,1045696,71
169,1045704,91
169,1053507,101
170,1000335,91
170,1000454,91
170,1002217,101
170,1002280,1
170,1003229,86
170,1005017,91
170,1005290,91
170,1006078,91
170,1006971,91
170,1007206,86
170,1007331,1
170,1007420,1
170,1007607,90
170,1008023,91
170,1008048,86
170,1009214,91
170,1009400,91
170,1013012,91
170,1013424,91
170,1013438,91
170,1013691,91
170,1015272,91
170,1016600,91
170,1017716,82
170,1017874,1
170,1018442,51
170,1021580,1
170,1022925,1
170,1023954,91
170,1024533,90
170,1025477,101
170,1025776,1
170,1026581,91
170,1027718,1
170,1027798,91
170,1028073,91
170,1029091,91
170,1037731,51
170,1053507,1
170,1098153,51
171,1000335,91
171,1000454,91
171,1004459,91
171,1005017,91
171,1005290,91
171,1006078,91
171,1010787,91
171,1021142,91
171,1022925,91
171,1025776,91
171,1053507,91
173,1003454,1
173,1027718,91
173,1053507,91
174,1001612,92
174,1002960,91
174,1007331,65
174,1009214,81
174,1009545,2
174,1010787,88
174,1016600,91
174,1017874,86
174,1021580,68
174,1026690,94
174,1027798,91
174,1028073,20
174,1037731,92
174,1037847,91
174,1053507,11
176,1000454,61
176,1002183,89
176,1002217,93
176,1002280,88
176,1003229,73
176,1005290,74
176,1006078,86
176,1007331,1
176,1007420,81
176,1008023,86
176,1009214,91
176,1009400,91
176,1010787,90
176,1011104,88
176,1013350,71
176,1013424,90
176,1013438,61
176,1013691,81
176,1014252,84
176,1015272,87
176,1016600,84
176,1017716,91
176,1017874,53
176,1020778,91
176,1022925,88
176,1024523,92
176,1027798,91
176,1028073,80
176,1029091,90
176,1037847,66
176,1045696,79
176,1045704,68
176,1053507,14
176,1098153,79
177,1004459,91
177,1007331,91
177,1013012,91
177,1053507,91
177,1098153,91
178,1007420,91
178,1012998,91
178,1014091,91
178,1025892,91
179,1002960,101
179,1008023,101
179,1012395,101
179,1037847,101
179,1045704,101
179,1051565,101
180,1013012,91
180,1051565,91
180,1053507,91
181,1002217,101
181,1005017,101
181,1006078,101
181,1007607,84
181,1007986,1
181,1009400,1
181,1013012,1
181,1014252,1
181,1015272,101
181,1018350,101
181,1021142,101
181,1026690,101
181,1053507,1
182,1014091,91
182,1017874,101
182,1053507,30
184,1045704,91
184,1051565,91
187,1013012,87
187,1023542,90
187,1027718,101
189,1001612,35
189,1037847,101
191,1001612,1
191,1002280,31
191,1013438,51
191,1016600,71
191,1021142,91
191,1026581,71
191,1027798,71
191,1034214,91
191,1053507,31
191,1098153,91
193,1010787,1
193,1015272,1
193,1021142,1
193,1053507,1
195,1007420,1
195,1014091,31
195,1046217,1
197,1013025,91
197,1037847,91
199,1000454,91
199,1002960,91
199,1003454,91
199,1006078,91
199,1008023,91
199,1009214,91
199,1011104,1
199,1013012,91
199,1014252,91
199,1015272,91
199,1016600,91
199,1017874,71
199,1027718,91
199,1027798,91
199,1037847,91
199,1045704,91
199,1053507,91
200,1051565,91
201,1027978,91
201,1051565,91
203,1037847,91
203,1045704,51
204,1000335,51
204,1000454,51
204,1003229,1
204,1008023,51
204,1009214,1
204,1009400,1
204,1010787,61
204,1011104,81
204,1013438,1
204,1014252,31
204,1015272,1
204,1016600,1
204,1017716,1
204,1017874,101
204,1021142,31
204,1024565,1
204,1028073,51
204,1037847,1
204,1045696,81
204,1045704,1
204,1053507,101
205,1000335,1
205,1000454,101
205,1001612,51
205,1002960,71
205,1003229,71
205,1003454,71
205,1004459,71
205,1005017,1
205,1005290,91
205,1006078,61
205,1006971,71
205,1007095,1
205,1007331,1
205,1007420,101
205,1008023,61
205,1009214,1
205,1009545,101
205,1010787,61
205,1011104,71
205,1013012,101
205,1013025,71
205,1013691,1
205,1014091,101
205,1014120,1
205,1014161,91
205,1014252,51
205,1016600,101
205,1017716,81
205,1021580,41
205,1022925,1
205,1024565,71
205,1026581,1
205,1026690,81
205,1027718,91
205,1027798,1
205,1037731,71
205,1037847,61
205,1045696,41
205,1045704,91
205,1046217,1
205,1053507,101
205,1098153,101
209,1009400,71
209,1010787,51
209,1015272,81
209,1017874,71
209,1028073,71
209,1053507,51
212,1007206,91
212,1009214,51
212,1009400,71
212,1025892,31
213,1000335,91
213,1004459,91
213,1005017,91
213,1007331,91
213,1007420,91
213,1009545,91
213,1010787,91
213,1013012,91
213,1013025,91
213,1014091,91
213,1014252,91
213,1016600,91
213,1017874,91
213,1020778,91
213,1021580,91
213,1025776,91
213,1026581,91
213,1028073,91
213,1045704,91
213,1046217,91
213,1051565,91
213,1082975,91
213,1098153,91
214,1001612,1
214,1002960,51
214,1003229,1
214,1005017,1
214,1005290,1
214,1007331,1
214,1007420,1
214,1008023,1
214,1010787,1
214,1013012,51
214,1013025,1
214,1014252,1
214,1015272,1
214,1016600,1
214,1017874,1
214,1021142,1
214,1021580,1
214,1027718,1
214,1034214,1
214,1037731,91
214,1037847,1
214,1045696,1
214,1045704,1
214,1051565,31
214,1053507,1
214,1098153,1
215,1007420,91
215,1008023,91
215,1009214,71
215,1009400,91
215,1015272,71
215,1016600,91
215,1025776,91
216,1000454,91
216,1002280,91
216,1005017,91
216,1005290,91
216,1006078,91
216,1008023,91
216,1009214,91
216,1009545,91
216,1013438,91
216,1015272,91
216,1029091,91
216,1029489,91
217,1045696,101
217,1051565,101
218,1000335,91
218,1004994,91
218,1008023,91
218,1010787,91
218,1014091,91
218,1017874,91
219,1045704,71
220,1000454,91
220,1002960,91
220,1003454,91
220,1006078,91
220,1013012,91
220,1014252,91
220,1016600,91
220,1027798,91
220,1027978,91
220,1029091,91
220,1037847,91
220,1045704,91
221,1017874,91
221,1020778,91
222,1008023,91
223,1010787,71
223,1017874,91
223,1037847,101
223,1045704,91
223,1051565,84
225,1000335,1
225,1002960,1
225,1006078,1
225,1008023,1
225,1009400,1
225,1010787,1
225,1014091,1
225,1014252,1
225,1015272,1
225,1017874,31
225,1021142,1
225,1022925,1
225,1023954,1
225,1028073,1
225,1037731,1
225,1037847,1
225,1045696,1
225,1045704,1
225,1051565,1
225,1053507,1
225,1082975,1
226,1002960,81
226,1003454,101
226,1006078,1
226,1008023,1
226,1009545,71
226,1012395,91
226,1013012,81
226,1013025,81
226,1014091,1
226,1014120,91
226,1017874,11
226,1021142,31
226,1021580,31
226,1025477,11
226,1027978,81
226,1028073,1
226,1029489,81
226,1034214,101
226,1037847,81
226,1045704,71
226,1051565,51
226,1053507,71
226,1098153,1
227,1006078,91
227,1007331,91
227,1007420,91
227,1008023,91
227,1010787,91
227,1014091,91
227,1017874,91
228,1000335,91
228,1000454,91
228,1006971,91
228,1008023,91
228,1010787,91
228,1011104,91
228,1013012,91
228,1014252,91
228,1015272,91
228,1016600,91
228,1017874,91
228,1024565,91
228,1028073,91
228,1045704,91
228,1053507,91
229,1007420,101
229,1012998,101
229,1014120,61
229,1027718,101
229,1045704,75
230,1000335,31
230,1007607,31
230,1009400,31
230,1010787,31
230,1013012,31
230,1013025,71
230,1021142,31
230,1024533,31
230,1026581,1
230,1027978,1
230,1037847,61
230,1045704,1
230,1051565,51
230,1098153,1
231,1000454,91
231,1008023,91
231,1009214,91
231,1014091,91
231,1025477,91
232,1000335,1
232,1002960,51
232,1003454,51
232,1005290,1
232,1006078,1
232,1006971,1
232,1007607,1
232,1009214,1
232,1010787,51
232,1013691,1
232,1014091,1
232,1014252,31
232,1015272,71
232,1017716,1
232,1017874,1
232,1018442,1
232,1020778,51
232,1021580,1
232,1024533,1
232,1024565,51
232,1025735,1
232,1025776,1
232,1027798,1
232,1027978,101
232,1028073,1
232,1034214,91
232,1037731,1
232,1037847,101
232,1045696,91
232,1045704,101
232,1046217,1
232,1053507,82
233,1005017,91
235,1005017,81
235,1014120,85
235,1014252,93
235,1016600,71
235,1053507,81
236,1002280,51
236,1002960,46
236,1003229,51
236,1003454,51
236,1004459,31
236,1005017,31
236,1008023,1
236,1011104,51
236,1013012,11
236,1013025,31
236,1014120,51
236,1015272,1
236,1017874,51
236,1024565,31
236,1037847,61
236,1045696,1
236,1045704,1
236,1053507,31
236,1082975,1
237,1002217,91
237,1002960,91
237,1004459,81
237,1007986,91
237,1008048,81
237,1009400,81
237,1009545,91
237,1013012,71
237,1015272,101
237,1021142,71
237,1021580,91
237,1022925,101
237,1023542,91
237,1024565,51
237,1026581,71
237,1028073,81
237,1029489,91
237,1029833,71
237,1045704,91
237,1098153,101
238,1002960,91
238,1008048,91
238,1012395,1
238,1013025,71
238,1014120,91
238,1026690,91
238,1045696,1
238,1051565,1
238,1053507,1
240,1000335,101
240,1015272,51
240,1017874,101
240,1053507,91
242,1000335,101
242,1000454,11
242,1001612,1
242,1002280,21
242,1003454,11
242,1005290,91
242,1006078,21
242,1006971,11
242,1008023,21
242,1009214,11
242,1009545,11
242,1011104,11
242,1013012,11
242,1013438,11
242,1014120,41
242,1016600,1
242,1017874,91
242,1021580,91
242,1026581,91
242,1029091,91
242,1029489,91
242,1037731,1
242,1037847,101
242,1045704,101
242,1051565,31
242,1053507,101
243,1006971,91
243,1009214,91
243,1013691,1
243,1015272,91
243,1017874,91
243,1026581,91
243,1027798,91
243,1028073,91
244,1037847,91
245,1002960,91
245,1003454,91
245,1004459,101
245,1009545,91
245,1013012,91
245,1014091,91
245,1014120,101
245,1016600,91
245,1021580,91
245,1027718,91
245,1029489,91
245,1037847,91
245,1045704,91
245,1051565,91
246,1000335,91
246,1000454,91
246,1005290,91
246,1006078,91
246,1008023,91
246,1009400,91
246,1009545,91
246,1010787,91
246,1013012,91
246,1014091,91
246,1017874,91
246,1020778,91
246,1021580,91
246,1022925,91
246,1025776,91
246,1026581,91
246,1051565,91
246,1053507,91
247,1002960,71
247,1016600,51
247,1021580,91
248,1000454,91
249,1000454,1
249,1015272,97
249,1017874,91
249,1029091,91
250,1002960,101
250,1014120,101
250,1045704,101
251,1007331,91
251,1010787,51
251,1014252,51
251,1017874,71
251,1020778,51
251,1028073,1
251,1037847,31
251,1045696,71
251,1051565,71
251,1053507,91
252,1000454,101
252,1002183,31
252,1003229,101
252,1003454,101
252,1005017,51
252,1005290,101
252,1006971,71
252,1007420,1
252,1008023,51
252,1008048,101
252,1009214,1
252,1010787,31
252,1013012,101
252,1013025,91
252,1013424,71
252,1013691,101
252,1015272,71
252,1016600,101
252,1017874,101
252,1021580,101
252,1024533,1
252,1024565,71
252,1027798,91
252,1027978,81
252,1028073,91
252,1029489,91
252,1034214,101
252,1037731,1
252,1037847,91
252,1045704,91
252,1051565,91
253,1006078,20
253,1053507,101
254,1000335,101
254,1000454,91
254,1003229,91
254,1005290,91
254,1008023,91
254,1010787,31
254,1013438,31
254,1015272,91
254,1017874,91
254,1027798,91
255,1000454,91
255,1002280,91
255,1002960,101
255,1003454,91
255,1004459,101
255,1005017,91
255,1005290,91
255,1007331,101
255,1009545,101
255,1012395,101
255,1013012,101
255,1013025,101
255,1013424,101
255,1013438,91
255,1014120,101
255,1015272,91
255,1016600,101
255,1021580,101
255,1022538,101
255,1026690,101
255,1027718,91
255,1027798,91
255,1027978,101
255,1029489,101
255,1034214,91
255,1037731,101
255,1037847,1
255,1045696,101
255,1045704,101
255,1051565,101
255,1053507,101
255,1098153,101
256,1014252,91
256,1037847,91
257,1005017,31
257,1009545,31
257,1014091,91
257,1046217,71
258,1002960,91
258,1003454,91
258,1009545,91
258,1013012,1
258,1016600,101
258,1037847,91
258,1045704,91
259,1003454,91
259,1014120,101
259,1037847,91
259,1045704,31
260,1003704,91
260,1004994,101
260,1010787,101
260,1012998,91
260,1014091,91
260,1014120,81
260,1014252,101
260,1016600,101
260,1017874,101
260,1021580,101
260,1024565,101
260,1027718,91
260,1029489,101
260,1037847,91
260,1045704,101
260,1046217,91
260,1051565,101
260,1053507,91
260,1098153,101
261,1016600,91
264,1002960,91
264,1003454,101
264,1005017,101
264,1008023,71
264,1009214,91
264,1013025,101
264,1013691,101
264,1015272,1
264,1016600,101
264,1017874,1
264,1021580,91
264,1029489,91
264,1045704,101
264,1053507,1
265,1000335,91
265,1000454,91
265,1003229,91
265,1005017,51
265,1005290,91
265,1006078,1
265,1008023,91
265,1009214,51
265,1010787,51
265,1013438,51
265,1014252,51
265,1015272,71
265,1017874,31
265,1021142,91
265,1022925,91
265,1023954,1
265,1024533,71
265,1027718,91
265,1027798,91
265,1028073,51
265,1045696,91
265,1053507,71
266,1013012,91
267,1000454,47
267,1002280,1
267,1002960,1
267,1003454,101
267,1003704,101
267,1004994,101
267,1005290,101
267,1006078,1
267,1007331,101
267,1007420,101
267,1008023,101
267,1009545,101
267,1012998,101
267,1014091,101
267,1017874,1
267,1024533,1
267,1025892,101
267,1027718,101
267,1027798,101
267,1029091,86
267,1037847,1
267,1046217,101
267,1053507,1
268,1004459,101
268,1016600,101
268,1017874,1
268,1037847,101
268,1045696,101
268,1053507,101
269,1004459,91
269,1008023,1
269,1010787,1
269,1013025,91
269,1016600,1
269,1021142,1
269,1021580,71
269,1045696,91
269,1051565,91
269,1053507,91
270,1000454,91
270,1002960,91
270,1003454,91
270,1005290,101
270,1009214,91
270,1009400,91
270,1009545,91
270,1013012,91
270,1016600,91
270,1027798,91
270,1029489,91
270,1037847,91
270,1045704,91
270,1053507,101
271,1017874,101
272,1000335,31
272,1000454,11
272,1001612,101
272,1002217,21
272,1002960,31
272,1003229,35
272,1003454,41
272,1003704,1
272,1005017,21
272,1005290,51
272,1006078,21
272,1006971,11
272,1007331,1
272,1008023,11
272,1009214,11
272,1009400,11
272,1010787,31
272,1011104,11
272,1013691,11
272,1014120,91
272,1014161,31
272,1014252,11
272,1015272,11
272,1017874,11
272,1020778,21
272,1021142,71
272,1021515,1
272,1022925,21
272,1024523,1
272,1027798,91
272,1027978,101
272,1028073,11
272,1029091,11
272,1029489,1
272,1034214,61
272,1037731,11
272,1037847,91
272,1045696,51
272,1045704,41
272,1053507,61
273,1003454,101
273,1005017,101
273,1007331,101
273,1007420,1
273,1008023,91
273,1009214,91
273,1014091,101
273,1014252,98
273,1017874,1
273,1027718,31
273,1046217,101
274,1000454,91
274,1003229,91
274,1008023,81
274,1014120,91
274,1016600,91
274,1027798,91
274,1037731,101
274,1037847,91
274,1045704,101
275,1013012,91
275,1016600,91
275,1026581,1
276,1006971,51
276,1007420,91
276,1010787,91
276,1015272,51
276,1017874,101
276,1027718,91
276,1028073,91
276,1053507,91
278,1045704,91
278,1051565,91
279,1002960,91
279,1013012,91
280,1002280,1
280,1002960,91
280,1003454,91
280,1004459,71
280,1008023,1
280,1008048,81
280,1009545,51
280,1011104,1
280,1012395,101
280,1013012,91
280,1013025,91
280,1021580,91
280,1022538,71
280,1022925,1
280,1026690,71
280,1027978,101
280,1029489,71
280,1034214,81
280,1082975,1
281,1005290,71
281,1006078,71
281,1007420,51
281,1007986,91
281,1015272,71
281,1017874,31
281,1021142,51
281,1024523,71
281,1024533,51
281,1027798,71
281,1029833,71
281,1098153,91
282,1017874,91
284,1002960,91
284,1004459,31
284,1007420,91
284,1009400,91
284,1010787,91
284,1013012,91
284,1014091,91
284,1014252,91
284,1016600,91
284,1027718,71
284,1037847,91
284,1045704,91
285,1008023,51
285,1009400,91
285,1009545,51
285,1013025,71
285,1014091,51
285,1015272,71
285,1016600,91
285,1021580,91
285,1037847,91
285,1051565,71
285,1053507,31
286,1000335,97
286,1000454,91
286,1006971,68
286,1010787,86
286,1011104,71
286,1013691,1
286,1014252,17
286,1017716,27
286,1017874,85
286,1027798,1
286,1028073,88
286,1037847,1
286,1045696,91
286,1053507,93
287,1003704,91
287,1004994,91
287,1014091,91
288,1000335,91
288,1000454,91
288,1003454,91
288,1011104,91
288,1037847,91
288,1053507,91
289,1008023,97
289,1010787,99
289,1013012,101
289,1015272,91
289,1016600,95
289,1027798,91
289,1034214,93
289,1053507,98
290,1005017,71
290,1007420,91
290,1014091,91
290,1037731,91
290,1046217,91
290,1051565,91
291,1053507,51
292,1014120,101
292,1034214,101
292,1045704,101
293,1012395,101
293,1013012,91
293,1014120,36
293,1051565,91
294,1004459,91
294,1007331,91
294,1008023,91
294,1013012,91
294,1013025,91
294,1016600,91
294,1017874,91
294,1021142,91
294,1022925,91
294,1051565,91
294,1053507,91
295,1082975,1
296,1003454,101
296,1034214,101
297,1000335,1
297,1006078,1
297,1007095,1
297,1008023,1
297,1009214,1
297,1013012,1
297,1014252,1
297,1015272,1
297,1016600,1
297,1021142,71
297,1022925,1
297,1024565,1
297,1028073,1
297,1098153,1
298,1005290,91
299,1002280,91
299,1002960,91
299,1003454,91
299,1005017,91
299,1005290,91
299,1006078,91
299,1008023,91
299,1009214,91
299,1009400,91
299,1009545,91
299,1010787,91
299,1011104,91
299,1013012,51
299,1013438,91
299,1014252,91
299,1016600,91
299,1017874,91
299,1021580,51
299,1026581,91
299,1027718,91
299,1027798,91
299,1029091,91
299,1029489,91
299,1037847,91
299,1045704,91
299,1053507,71
299,1082975,51
300,1008023,1
300,1009545,31
300,1010787,1
300,1013012,51
300,1014091,1
300,1015272,1
300,1016600,1
300,1017874,1
300,1021580,1
300,1022971,1
300,1024565,1
300,1034214,91
300,1046217,1
300,1051565,71
300,1053507,1
300,1098153,1
301,1000335,91
301,1007420,91
301,1014091,91
301,1017874,91
301,1053507,91
302,1002960,91
302,1014120,71
302,1037847,91
302,1045704,101
302,1051565,51
303,1010787,31
303,1015272,51
303,1017874,51
303,1020778,31
303,1053507,31
303,1098153,1
305,1014091,101
305,1014252,101
305,1017874,101
305,1045696,71
307,1000335,1
307,1000454,1
307,1004459,91
307,1006078,1
307,1007331,91
307,1008023,91
307,1009400,1
307,1010787,91
307,1014091,91
307,1014252,91
307,1015272,91
307,1016600,91
307,1017874,91
307,1020778,91
307,1021142,31
307,1022925,31
307,1028073,1
307,1046217,71
307,1053507,91
307,1098153,1
308,1002960,91
308,1003454,101
308,1014120,101
308,1027978,101
308,1029489,91
308,1034214,91
309,1014252,91
309,1017874,91
309,1020778,91
310,1000335,51
310,1010787,51
310,1014252,51
310,1015272,51
310,1020778,31
310,1028073,1
310,1053507,71
311,1003454,101
311,1004459,101
311,1014120,101
311,1016600,101
311,1023542,101
311,1027718,101
311,1034214,101
311,1037847,101
311,1051565,91
312,1002217,101
312,1002960,91
312,1003454,91
312,1004459,99
312,1010787,91
312,1013012,91
312,1014252,1
312,1016600,81
312,1021580,1
312,1023542,91
312,1027798,91
312,1027978,101
312,1034214,99
312,1037847,91
312,1045696,91
312,1045704,91
312,1051565,101
312,1053507,101
313,1000335,81
313,1000454,81
313,1001612,1
313,1002183,1
313,1002217,91
313,1002280,91
313,1002960,1
313,1003229,1
313,1003454,1
313,1003704,1
313,1004459,1
313,1004994,1
313,1005017,1
313,1005290,81
313,1006078,81
313,1006971,1
313,1007206,1
313,1007331,1
313,1007420,81
313,1007607,1
313,1007986,81
313,1008023,1
313,1008048,81
313,1009214,1
313,1009400,1
313,1009545,81
313,1010787,1
313,1011104,1
313,1011710,1
313,1012395,1
313,1012998,1
313,1013012,1
313,1013025,81
313,1013350,1
313,1013424,1
313,1013438,1
313,1013691,1
313,1014091,1
313,1014120,1
313,1014252,1
313,1015272,91
313,1016600,81
313,1017403,1
313,1017716,81
313,1017874,91
313,1020778,81
313,1021142,91
313,1021515,81
313,1021580,81
313,1022538,1
313,1022925,1
313,1023542,1
313,1023954,1
313,1024523,1
313,1024533,1
313,1024565,1
313,1025477,81
313,1025776,1
313,1025892,1
313,1026581,1
313,1026690,81
313,1027718,1
313,1027798,101
313,1027978,1
313,1028073,1
313,1029091,81
313,1029489,81
313,1029833,1
313,1034214,81
313,1037731,1
313,1037847,101
313,1045696,1
313,1045704,1
313,1046217,1
313,1053507,101
314,1002183,91
314,1008023,91
314,1009214,91
314,1009400,91
314,1022925,91
315,1037847,91
315,1045704,1
317,1000335,1
317,1002960,31
317,1005017,31
317,1005290,31
317,1008023,31
317,1009400,1
317,1009545,1
317,1010787,1
317,1013012,51
317,1013025,91
317,1014120,71
317,1015272,31
317,1016600,1
317,1017874,1
317,1021142,31
317,1021580,71
317,1022925,1
317,1027978,71
317,1034214,71
317,1045696,31
317,1045704,71
317,1051565,31
317,1053507,71
317,1098153,1
318,1000335,81
318,1000454,71
318,1001612,61
318,1002280,71
318,1002960,81
318,1003229,81
318,1003454,81
318,1004459,81
318,1005017,81
318,1005290,81
318,1006971,71
318,1007420,81
318,1008023,71
318,1008048,81
318,1009214,81
318,1009400,71
318,1010787,81
318,1011104,81
318,1011710,71
318,1013012,81
318,1013025,81
318,1013438,71
318,1013691,71
318,1014120,81
318,1014252,81
318,1015272,81
318,1016600,71
318,1017716,81
318,1017874,81
318,1018350,71
318,1020778,81
318,1021580,81
318,1022538,81
318,1022925,81
318,1023542,81
318,1026581,81
318,1026690,81
318,1027718,81
318,1027798,81
318,1027978,81
318,1028073,71
318,1029091,71
318,1029489,81
318,1034214,81
318,1037847,81
318,1045696,81
318,1045704,81
318,1051565,81
318,1053507,81
318,1098153,81
319,1008023,51
319,1014252,31
319,1045696,51
320,1009545,91
320,1013012,91
320,1021580,91
320,1051565,91
321,1001612,1
321,1007420,101
321,1012998,101
321,1014091,101
321,1027718,101
321,1045704,1
321,1046217,101
321,1053507,1
323,1002960,1
323,1003454,1
323,1004459,1
323,1007331,1
323,1008023,1
323,1008048,91
323,1009545,1
323,1012395,101
323,1013012,1
323,1013025,1
323,1014120,31
323,1014252,1
323,1016600,1
323,1021580,91
323,1023542,1
323,1026690,91
323,1027798,1
323,1027978,1
323,1029489,1
323,1034214,1
323,1037847,1
323,1045704,1
323,1051565,1
323,1053507,1
324,1000335,91
324,1000454,101
324,1010787,91
324,1015272,91
324,1017874,91
324,1027718,91
324,1037847,1
324,1053507,91
325,1014252,51
325,1037847,71
325,1045696,31
325,1045704,91
326,1000454,91
326,1010787,101
326,1014120,101
326,1017874,91
326,1023542,101
326,1025892,80
326,1027798,91
326,1037847,99
326,1045696,101
326,1045704,101
326,1053507,91
327,1000454,1
327,1007420,1
327,1007986,1
327,1008023,1
327,1009545,1
327,1010787,1
327,1013025,1
327,1013424,1
327,1014091,1
327,1015272,1
327,1016600,1
327,1020778,1
327,1021142,1
327,1021580,51
327,1022925,1
327,1023542,1
327,1026581,1
327,1029833,21
327,1037847,91
327,1045704,1
327,1046217,1
327,1098153,4
328,1005017,91
328,1005290,91
328,1008023,91
328,1009545,91
328,1013025,91
328,1021142,91
328,1021580,91
328,1022925,91
330,1000454,51
330,1005017,51
330,1005290,68
330,1007420,71
330,1009214,60
330,1010787,31
330,1013438,75
330,1016600,91
330,1024533,91
330,1026581,62
330,1027718,51
330,1045704,51
336,1007420,91
336,1014091,91
336,1046217,91
337,1000335,91
337,1000454,91
337,1015272,91
337,1017874,91
337,1020778,91
337,1021142,91
337,1022925,91
337,1029091,91
338,1008023,91
340,1000335,31
340,1008023,1
340,1010787,51
340,1014252,51
340,1015272,31
340,1017874,71
340,1021142,1
340,1022925,1
340,1045696,51
340,1053507,51
341,1037847,91
341,1045704,81
341,1051565,1
341,1053507,91
342,1013012,1
342,1037847,101
342,1045696,101
342,1053507,101
343,1000454,91
343,1006078,51
343,1008023,31
343,1009400,31
343,1014252,91
343,1015272,1
343,1016600,91
343,1017874,1
343,1046217,31
344,1017874,91
344,1045704,91
344,1053507,91
345,1053507,101
346,1003704,91
346,1007420,91
346,1008023,91
346,1010787,91
346,1014091,91
346,1014120,101
346,1025892,91
346,1027718,91
346,1027798,91
346,1037847,91
346,1045696,101
346,1045704,91
346,1046217,91
346,1053507,71
347,1001612,1
347,1014091,91
347,1046217,1
349,1000335,91
349,1000454,91
349,1006078,91
349,1008023,91
349,1009214,91
349,1010787,91
349,1014091,91
349,1014252,91
349,1015272,91
349,1017874,91
349,1020778,91
349,1037847,91
349,1046217,91
349,1053507,71
350,1002280,1
350,1002960,101
350,1013025,31
350,1014120,100
350,1029489,91
350,1051565,101
351,1000454,91
351,1006078,91
351,1008023,91
351,1009214,91
351,1009400,91
351,1015272,91
351,1021142,91
351,1022925,91
351,1025477,91
352,1051565,51
352,1098153,1
353,1000335,91
353,1000454,71
353,1005290,91
353,1006078,91
353,1006971,7
353,1007986,51
353,1008023,101
353,1009214,91
353,1009400,91
353,1010787,1
353,1011104,91
353,1014091,91
353,1014161,91
353,1014252,71
353,1015272,91
353,1017874,1
353,1021142,40
353,1023954,91
353,1025892,91
353,1026581,91
353,1027718,91
353,1027798,51
353,1028073,35
353,1029091,71
353,1053507,14
354,1002960,91
354,1003454,71
354,1013012,91
354,1013025,51
354,1014120,51
354,1027978,71
354,1051565,71
356,1000335,1
356,1000454,1
356,1007420,71
356,1014091,91
356,1014252,1
356,1020778,1
356,1023954,71
356,1046217,91
356,1053507,1
357,1000454,71
357,1002183,1
357,1002960,101
357,1003454,101
357,1004459,101
357,1005290,1
357,1010787,71
357,1012395,1
357,1012998,1
357,1013012,101
357,1013025,1
357,1013424,91
357,1014120,101
357,1016600,1
357,1017874,91
357,1021580,71
357,1023542,71
357,1026690,91
357,1027798,71
357,1027978,101
357,1034214,101
357,1037731,1
357,1037847,101
357,1045704,51
357,1051565,1
357,1053507,31
357,1098153,31
358,1002960,101
358,1003454,101
358,1003704,101
358,1004459,101
358,1005290,101
358,1007331,101
358,1007420,101
358,1008023,51
358,1008048,101
358,1009545,101
358,1012395,101
358,1012998,101
358,1013012,91
358,1013025,101
358,1014091,101
358,1014120,101
358,1017874,1
358,1021580,101
358,1022971,101
358,1026690,101
358,1027718,1
358,1027978,101
358,1029489,101
358,1034214,101
358,1037731,1
358,1037847,101
358,1045704,101
358,1046217,101
359,1000335,91
359,1000454,91
359,1006078,91
359,1008023,91
359,1009214,91
359,1009400,91
359,1010787,91
359,1015272,91
359,1017874,91
359,1018350,91
359,1021142,91
359,1022925,91
359,1025477,91
359,1028073,91
359,1053507,31
360,1004459,91
360,1005017,91
360,1007331,91
360,1013025,91
360,1016600,91
360,1025776,91
363,1014120,62
363,1037847,94
364,1009545,1
364,1021580,51
364,1045704,91
364,1051565,91
365,1007331,91
365,1010787,91
365,1016600,91
365,1020778,91
365,1053507,91
366,1000335,11
366,1000454,91
366,1002217,91
366,1002280,31
366,1003229,81
366,1006078,31
366,1006971,101
366,1008023,81
366,1009214,81
366,1009400,51
366,1011104,71
366,1013424,91
366,1013438,41
366,1013691,91
366,1014252,11
366,1015272,1
366,1016600,41
366,1017403,101
366,1017716,91
366,1018442,11
366,1021142,1
366,1021580,71
366,1022925,101
366,1025776,91
366,1027718,101
366,1045704,11
367,1002960,91
367,1005290,31
367,1007420,31
367,1009545,91
367,1013012,91
367,1021580,91
368,1027798,91
368,1053507,91
369,1045704,91
370,1004994,91
370,1010787,91
370,1012998,91
370,1014091,91
370,1014252,91
370,1027718,91
370,1045696,91
370,1046217,91
370,1053507,91
371,1000335,1
371,1010787,1
371,1011104,1
371,1017874,1
371,1037847,101
371,1045696,1
371,1053507,71
372,1004459,81
372,1007331,91
372,1025776,91
372,1037847,101
372,1045696,101
372,1045704,101
372,1053507,101
373,1000454,91
373,1004459,91
373,1005290,91
373,1007331,91
373,1007420,91
373,1008023,91
373,1009545,91
373,1013012,71
373,1014381,91
373,1015272,91
373,1016600,71
373,1017874,71
373,1021142,91
373,1021580,91
373,1022925,91
373,1024565,91
373,1025477,91
373,1051565,91
373,1098153,71
374,1000454,91
374,1005017,91
374,1005290,91
374,1013438,91
374,1016600,71
374,1021142,91
374,1022925,91
374,1027718,91
374,1027798,91
375,1002960,91
375,1003454,91
375,1004459,101
375,1008048,91
375,1013012,91
375,1013025,91
375,1014120,101
375,1016600,1
375,1021580,71
375,1027978,101
375,1029489,91
375,1034214,41
375,1037731,91
375,1037847,31
375,1045704,101
376,1004459,91
376,1004994,91
376,1007331,91
376,1007420,91
376,1010787,91
376,1014091,91
376,1020778,91
376,1027718,91
376,1046217,91
376,1051565,91
376,1098153,91
377,1001612,1
377,1007331,1
377,1010787,101
377,1016600,1
377,1017874,1
377,1020778,1
377,1023542,1
377,1037731,101
377,1045696,1
377,1051565,1
377,1053507,101
378,1000454,91
378,1006078,91
378,1009214,91
378,1014091,101
378,1016600,91
378,1022925,91
378,1025477,91
378,1051565,91
378,1082975,91
378,1098153,91
379,1002960,91
379,1003229,71
379,1003454,91
379,1007331,81
379,1009545,91
379,1013012,91
379,1021580,91
379,1022538,91
379,1045704,31
380,1000335,91
380,1000454,91
380,1005017,1
380,1006971,91
380,1010787,91
380,1011104,91
380,1014252,71
380,1017874,91
380,1021142,1
380,1028073,91
380,1037731,101
380,1045696,51
380,1051565,61
380,1053507,101
381,1004994,1
382,1004459,91
382,1010787,91
382,1027978,91
382,1051565,91
382,1053507,91
383,1000335,91
383,1000454,91
383,1006078,91
383,1007420,91
383,1008023,91
383,1009214,91
383,1009545,91
383,1013012,91
383,1013025,91
383,1014091,91
383,1014252,91
383,1015272,91
383,1016600,91
383,1017874,91
383,1020778,91
383,1021142,91
383,1021580,91
383,1022925,91
383,1025477,91
383,1028073,91
383,1046217,91
383,1051565,91
383,1053507,91
383,1098153,91
384,1000454,91
384,1004459,91
384,1013012,91
384,1051565,91
385,1002960,91
385,1021580,91
385,1045696,101
385,1045704,51
385,1098153,91
386,1000335,91
386,1000454,91
386,1006078,91
386,1007420,91
386,1008023,91
386,1009214,91
386,1009400,91
386,1013424,91
386,1014091,91
386,1015272,91
386,1017874,91
386,1021142,91
386,1025477,91
386,1026581,91
386,1027798,91
386,1028073,91
386,1046217,91
387,1003454,91
387,1010787,71
387,1013012,31
387,1013025,71
387,1014091,91
387,1014252,1
387,1015272,31
387,1021580,91
387,1025892,91
387,1027718,1
387,1037847,91
387,1045696,31
387,1045704,71
387,1051565,51
387,1053507,91
387,1098153,71
388,1000335,1
388,1000454,1
388,1002960,1
388,1003454,91
388,1006078,1
388,1006971,1
388,1007420,101
388,1008023,1
388,1010787,101
388,1011104,1
388,1013012,1
388,1015272,1
388,1016600,91
388,1017874,1
388,1020778,1
388,1026581,1
388,1027718,91
388,1027798,1
388,1037847,1
388,1045696,101
388,1045704,1
388,1046217,1
388,1053507,91
389,1000335,1
389,1002960,1
389,1003454,1
389,1003704,91
389,1004459,1
389,1004994,91
389,1007420,1
389,1008023,1
389,1009545,1
389,1010787,1
389,1011104,1
389,1012998,71
389,1013025,1
389,1013438,1
389,1014091,91
389,1014120,1
389,1015272,1
389,1024565,1
389,1025892,71
389,1027718,61
389,1027798,1
389,1037847,1
389,1045704,1
390,1000454,91
390,1053507,91
391,1001612,51
391,1002960,91
391,1003454,51
391,1004459,101
391,1013012,51
391,1013025,101
391,1014120,101
391,1021580,31
391,1027978,80
391,1034214,101
391,1037731,42
391,1037847,41
391,1045704,49
391,1051565,101
393,1006971,91
393,1017874,42
393,1037847,91
393,1053507,91
394,1008023,91
395,1000454,91
395,1006078,91
395,1007420,91
395,1008023,91
395,1009214,91
395,1009545,91
395,1010787,91
395,1021142,91
395,1046217,91
396,1010787,91
396,1020778,91
396,1045696,71
396,1053507,91
398,1007986,86
398,1009214,59
398,1020778,101
398,1024533,91
398,1025477,95
398,1027798,91
398,1029091,79
398,1029833,97
398,1098153,91
399,1013012,91
399,1045704,91
399,1051565,51
400,1017874,91
401,1000335,77
401,1000454,75
401,1002280,83
401,1003229,77
401,1005290,92
401,1011104,89
401,1013438,71
401,1014252,81
401,1015272,88
401,1017874,83
401,1020778,92
401,1021580,82
401,1022925,82
401,1027798,83
401,1037847,76
401,1053507,75
402,1000335,71
402,1000454,51
402,1002217,101
402,1005017,61
402,1005290,71
402,1006078,91
402,1007986,71
402,1008023,81
402,1009400,31
402,1010787,61
402,1011104,71
402,1013424,101
402,1013438,101
402,1015272,101
402,1017403,91
402,1017874,101
402,1018350,101
402,1020778,91
402,1021142,101
402,1021515,71
402,1022925,91
402,1023542,101
402,1024523,71
402,1027798,81
402,1028073,91
402,1029091,61
402,1029833,61
402,1053507,41
405,1014252,101
406,1004459,91
406,1013012,91
406,1051565,91
406,1053507,91
407,1016600,91
407,1053507,91
408,1007331,51
408,1016600,51
408,1053507,1
409,1001612,1
410,1014120,71
412,1001612,31
412,1008023,71
412,1010787,101
412,1013012,31
412,1014252,91
412,1014381,91
412,1016600,101
412,1017874,94
412,1018350,71
412,1020778,81
412,1021515,91
412,1025776,11
412,1026690,71
412,1027798,51
412,1037847,101
412,1045696,51
412,1045704,84
412,1051565,93
412,1053507,99
413,1000454,61
413,1006078,61
413,1008023,61
413,1013012,51
413,1014091,91
413,1014252,91
413,1016600,91
413,1017874,91
413,1025892,51
413,1027718,61
413,1034214,101
413,1037847,101
413,1045704,91
413,1053507,101
415,1002960,101
415,1003454,91
415,1005290,1
415,1006078,19
415,1008023,1
415,1009545,91
415,1014120,101
415,1015272,1
415,1016600,31
415,1017874,1
415,1045704,101
415,1053507,1
416,1002960,91
416,1003454,91
416,1013012,91
416,1014120,91
416,1021580,71
416,1029489,91
416,1037847,91
417,1000454,71
417,1002217,31
417,1002960,71
417,1005017,1
417,1006078,31
417,1009214,31
417,1010787,91
417,1011104,51
417,1013012,71
417,1015272,51
417,1016600,81
417,1017874,81
417,1020778,71
417,1021142,51
417,1022925,51
417,1026581,51
417,1027798,51
417,1034214,51
417,1037731,1
417,1037847,1
417,1045696,1
417,1051565,81
417,1053507,91
417,1098153,51
418,1002217,31
418,1002960,91
418,1016600,101
418,1023542,101
418,1037847,101
418,1045704,101
418,1051565,91
421,1014252,11
421,1016600,101
421,1037847,91
421,1045704,41
423,1000335,31
423,1002183,71
423,1002217,91
423,1002280,51
423,1003704,11
423,1005017,41
423,1005290,71
423,1006078,31
423,1007095,31
423,1007206,1
423,1007420,51
423,1007607,61
423,1007986,51
423,1008023,51
423,1009214,71
423,1009400,1
423,1009545,51
423,1013025,31
423,1013350,81
423,1013424,71
423,1013438,41
423,1013691,1
423,1014381,71
423,1015272,41
423,1017403,101
423,1018350,11
423,1018442,91
423,1020949,71
423,1021142,51
423,1021515,51
423,1022925,51
423,1023542,31
423,1024523,61
423,1024533,71
423,1024565,41
423,1025477,31
423,1025735,81
423,1025776,51
423,1026581,71
423,1027798,1
423,1028073,31
423,1029091,11
423,1029489,101
423,1029833,71
423,1046217,1
424,1051565,91
425,1004459,91
425,1007420,91
425,1009545,91
425,1013012,91
425,1013025,91
425,1016600,51
425,1021580,91
425,1051565,91
425,1098153,91
426,1003704,91
426,1005017,91
426,1012998,91
426,1013025,91
426,1014091,91
426,1016600,91
427,1037847,91
428,1005290,91
428,1006078,91
428,1015272,91
428,1029091,91
430,1027978,1
431,1013012,91
432,1053507,71
433,1000454,51
433,1002280,91
433,1002960,91
433,1003229,41
433,1003454,1
433,1006971,91
433,1007331,91
433,1008023,11
433,1009400,61
433,1011104,1
433,1012395,1
433,1013012,51
433,1013025,71
433,1013424,71
433,1013438,91
433,1013691,51
433,1016600,91
433,1021580,1
433,1027718,91
433,1027798,101
433,1029489,1
433,1037731,81
433,1051565,61
434,1000335,91
434,1000454,91
434,1006971,91
434,1009400,31
434,1010787,71
434,1011104,91
434,1014252,91
434,1015272,31
434,1017874,91
434,1037847,91
434,1045704,91
434,1053507,91
435,1002960,91
435,1014120,91
435,1045704,101
435,1051565,101
436,1037847,91
436,1045704,91
437,1051565,91
438,1009545,91
438,1013012,91
438,1051565,91
439,1053507,1
440,1013025,91
443,1014120,101
443,1016600,61
443,1037731,78
443,1037847,101
443,1045704,101
443,1051565,101
443,1053507,91
444,1053507,91
446,1013012,71
446,1016600,91
446,1045696,91
446,1053507,91
447,1000335,91
447,1000454,91
447,1008023,91
447,1014091,91
447,1014252,91
447,1017874,91
447,1021142,91
447,1051565,91
447,1053507,91
448,1004459,91
448,1007331,91
448,1009545,91
448,1013012,31
448,1013025,91
448,1016600,91
448,1021580,1
448,1025776,91
448,1051565,91
449,1000454,91
449,1004459,91
449,1007331,91
449,1008023,91
449,1013025,91
449,1016600,91
449,1021142,91
449,1098153,91
450,1002960,91
450,1003454,91
450,1005017,91
450,1009545,91
450,1013012,91
450,1013438,91
450,1016600,91
450,1021580,91
450,1029489,91
451,1001612,101
451,1002960,91
451,1014120,101
451,1016600,101
451,1034214,101
451,1037731,101
451,1037847,101
451,1045696,101
451,1045704,101
451,1051565,101
451,1053507,101
453,1017874,91
453,1027978,91
453,1037847,91
453,1045696,1
453,1051565,91
453,1053507,91
454,1000335,71
454,1000454,80
454,1005290,75
454,1006971,75
454,1009545,75
454,1011104,91
454,1015272,71
454,1017874,91
454,1020778,95
454,1021142,31
454,1027798,91
454,1028073,68
454,1045696,71
454,1053507,82
456,1008023,31
456,1015272,71
456,1016600,71
456,1021142,91
457,1051565,88
460,1005290,1
460,1009400,1
460,1010787,1
460,1014252,1
460,1015272,1
460,1017874,1
460,1021580,1
460,1026581,1
460,1028073,1
460,1037847,101
460,1053507,101
462,1006078,91
462,1009214,91
462,1013012,71
462,1029091,91
464,1007607,70
464,1037847,1
464,1045704,1
465,1011104,91
465,1017874,101
466,1014252,91
466,1037847,101
467,1051565,71
468,1013012,31
469,1000335,91
469,1014120,91
469,1014252,91
469,1027798,91
469,1037847,84
469,1045696,91
469,1053507,101
470,1015272,31
470,1022925,91
471,1053507,91
472,1000454,91
472,1008023,91
472,1009400,91
472,1011104,91
472,1015272,91
472,1017874,91
472,1027798,91
472,1053507,91
473,1053507,91
474,1010787,81
474,1017874,101
474,1021142,1
474,1026581,11
474,1045696,91
474,1053507,101
474,1098153,11
475,1005017,1
475,1007331,51
475,1007420,71
475,1008023,61
475,1009214,61
475,1009400,1
475,1010787,41
475,1016600,71
475,1017874,1
475,1020778,61
475,1021580,61
475,1022925,61
475,1023542,71
475,1024565,81
475,1027718,61
475,1027798,91
475,1037847,71
475,1051565,71
475,1053507,1
475,1098153,91
476,1000335,31
476,1000454,31
476,1002217,91
476,1002280,51
476,1002960,31
476,1005290,91
476,1006078,51
476,1006971,51
476,1007420,1
476,1008023,31
476,1009214,1
476,1010787,91
476,1011104,31
476,1012395,31
476,1013012,31
476,1013350,31
476,1013438,1
476,1014091,31
476,1014252,91
476,1015272,71
476,1016600,51
476,1017874,91
476,1020778,91
476,1021142,91
476,1021515,31
476,1021580,31
476,1022925,91
476,1023542,51
476,1024533,91
476,1027718,51
476,1027798,91
476,1028073,51
476,1029091,91
476,1029489,91
476,1037847,91
476,1045696,31
476,1053507,91
476,1098153,51
477,1014252,1
477,1037847,101
477,1045696,101
477,1045704,101
477,1051565,31
477,1053507,101
479,1014120,61
479,1021580,91
479,1025892,91
479,1037847,1
479,1045696,81
479,1045704,93
479,1051565,51
481,1000335,51
481,1000454,91
481,1004459,31
481,1005290,31
481,1007331,91
481,1008023,91
481,1009214,91
481,1009545,91
481,1010787,91
481,1013012,71
481,1013025,51
481,1015272,71
481,1016600,91
481,1017874,51
481,1020778,71
481,1021142,31
481,1021580,91
481,1022925,91
481,1026581,91
481,1028073,91
481,1051565,71
481,1053507,91
481,1082975,51
481,1098153,91
482,1000335,1
482,1003454,101
482,1008023,51
482,1009214,31
482,1009400,31
482,1010787,91
482,1013012,101
482,1016600,101
482,1021580,101
482,1024565,51
482,1027718,91
482,1027798,91
482,1037847,81
482,1053507,101
482,1098153,71
484,1000335,91
484,1000454,91
484,1006078,91
484,1008023,91
484,1009214,91
484,1010787,91
484,1014091,1
484,1015272,91
484,1016600,1
484,1017874,91
484,1021142,71
484,1021580,91
484,1022925,91
484,1028073,91
484,1053507,51
485,1002960,91
485,1003454,101
485,1004459,91
485,1007420,1
485,1008023,1
485,1012395,101
485,1013012,71
485,1013025,51
485,1014120,91
485,1016600,1
485,1021580,101
485,1027978,91
485,1034214,91
485,1037847,101
485,1045704,101
485,1051565,91
485,1082975,1
486,1000335,91
486,1000454,91
486,1002960,91
486,1005290,91
486,1006078,91
486,1008023,91
486,1009214,91
486,1009545,91
486,1010787,91
486,1014252,91
486,1015272,91
486,1016600,91
486,1017874,91
486,1025892,91
486,1026581,91
486,1027798,98
486,1029091,91
486,1029489,91
486,1037847,91
486,1045704,91
487,1005290,42
487,1010787,64
487,1013350,71
487,1015272,91
487,1020778,77
487,1021142,81
487,1029833,82
487,1053507,70
488,1000454,1
488,1005290,1
488,1006078,1
488,1008023,1
488,1009545,1
488,1010787,101
488,1013025,1
488,1015272,81
488,1016600,1
488,1018350,1
488,1024565,31
488,1027798,101
488,1037847,31
488,1053507,71
489,1000335,71
489,1000454,61
489,1002183,51
489,1002217,91
489,1005017,71
489,1005290,71
489,1006078,71
489,1007607,51
489,1007986,61
489,1008023,71
489,1009214,91
489,1009400,61
489,1009545,51
489,1010787,91
489,1015272,91
489,1017874,91
489,1018350,51
489,1018442,1
489,1020778,71
489,1021515,51
489,1021580,1
489,1022925,61
489,1024523,71
489,1024565,51
489,1025892,71
489,1027798,81
489,1029091,81
489,1029489,71
490,1000335,91
490,1012998,101
490,1014091,101
490,1014120,91
490,1021515,91
490,1027718,101
490,1027978,91
490,1034214,91
490,1037731,101
490,1037847,101
490,1045704,91
490,1051565,91
490,1053507,91
491,1000335,91
491,1004459,71
491,1007331,91
491,1010787,91
491,1013025,91
491,1017874,91
491,1022925,1
491,1028073,91
491,1053507,91
492,1037847,51
492,1045704,91
492,1051565,91
494,1013012,91
494,1016600,31
494,1027718,71
494,1037731,91
494,1037847,91
494,1051565,91
495,1000335,31
495,1000454,91
495,1003229,71
495,1005017,31
495,1008023,31
495,1010787,31
495,1011104,91
495,1014252,91
495,1017874,91
495,1021142,51
495,1021580,1
495,1037847,91
495,1045696,91
495,1045704,91
495,1053507,91
496,1000454,91
496,1013438,91
496,1016600,91
496,1027798,91
496,1037731,93
496,1037847,91
496,1053507,91
497,1045696,91
498,1000335,91
498,1000454,91
498,1005290,91
498,1006078,91
498,1006971,101
498,1010787,91
498,1011104,101
498,1015272,91
498,1017874,91
498,1028073,101
498,1037847,91
498,1045696,101
498,1053507,91
499,1045704,91
502,1002960,91
502,1003454,71
502,1004459,31
502,1014120,91
502,1027978,91
502,1034214,71
502,1037847,91
502,1045704,91
502,1051565,51
504,1008023,1
504,1010787,51
504,1013012,1
504,1015272,1
504,1018350,1
504,1028073,1
504,1051565,91
504,1053507,51
504,1098153,51
505,1013438,91
505,1016600,91
505,1037731,101
507,1002960,91
507,1013012,31
507,1014120,90
507,1014252,1
507,1037847,91
507,1045696,51
507,1045704,71
507,1046217,1
507,1053507,1
508,1001612,91
508,1037731,91
509,1000454,71
509,1002960,88
509,1004459,16
509,1009214,71
509,1016600,71
509,1021580,91
509,1034214,101
509,1037847,101
509,1045704,80
511,1000335,91
511,1000454,1
511,1005290,1
511,1006078,1
511,1007331,1
511,1008023,1
511,1009545,1
511,1010787,101
511,1011104,51
511,1013025,1
511,1013691,1
511,1014091,1
511,1014120,1
511,1014252,1
511,1016600,1
511,1017874,101
511,1022925,1
511,1023542,1
511,1025776,1
511,1027718,1
511,1028073,1
511,1029833,1
511,1037847,1
511,1045696,91
511,1045704,1
511,1046217,1
511,1051565,1
511,1053507,101
512,1051565,91
513,1002960,91
513,1003454,91
513,1013012,71
513,1014120,101
513,1015272,1
513,1021142,1
513,1021580,71
513,1029489,91
513,1037847,91
513,1045704,31
514,1002960,95
514,1004459,91
514,1007331,92
514,1010787,64
514,1013424,91
514,1016600,101
514,1021580,91
514,1024523,91
514,1026581,92
514,1027798,97
515,1010787,1
515,1013424,1
515,1014252,1
515,1037847,101
515,1045704,1
515,1051565,91
516,1021142,91
517,1051565,91
518,1009545,91
518,1013012,91
518,1021580,91
518,1051565,91
519,1037847,1
519,1045704,91
519,1051565,1
520,1000335,101
520,1005290,91
520,1006078,91
520,1008023,71
520,1010787,71
520,1015272,91
520,1017874,81
520,1020778,61
520,1021142,81
520,1022925,51
520,1028073,101
520,1037847,61
520,1045696,1
520,1053507,101
521,1098153,91
522,1000335,69
522,1000454,84
522,1002960,91
522,1004459,67
522,1005290,84
522,1008023,86
522,1009214,74
522,1010787,81
522,1013424,76
522,1014252,58
522,1015272,55
522,1016600,55
522,1017874,57
522,1020778,74
522,1021580,68
522,1028073,91
522,1037847,91
522,1053507,51
522,1098153,51
523,1000335,91
523,1014091,101
523,1017874,91
523,1020778,91
523,1027718,91
523,1053507,91
524,1037847,91
525,1009545,91
525,1013012,1
525,1045704,1
525,1051565,91
526,1010787,71
526,1017874,91
526,1045696,91
527,1051565,101
528,1045704,91
529,1000454,91
529,1004459,91
529,1013012,71
529,1013025,91
529,1014252,91
529,1017874,91
529,1051565,91
529,1053507,91
530,1002960,91
530,1053507,91
531,1002960,101
531,1004459,101
531,1012395,101
531,1014120,101
531,1027978,101
531,1045704,1
532,1004459,91
532,1007331,91
532,1007420,91
532,1010787,91
532,1013012,91
532,1013025,91
532,1016600,91
532,1021580,91
532,1051565,91
532,1053507,91
534,1013012,91
534,1051565,91
535,1010787,91
535,1051565,91
535,1053507,91
536,1000335,91
536,1000454,91
536,1002960,91
536,1006078,51
536,1010787,91
536,1011104,91
536,1013012,91
536,1014091,1
536,1014252,91
536,1015272,91
536,1016600,91
536,1017874,91
536,1024565,51
536,1027798,91
536,1028073,91
536,1029091,91
536,1037847,91
536,1045696,71
536,1045704,91
536,1053507,91
537,1028073,101
537,1051565,101
537,1053507,101
538,1002217,79
538,1005290,51
538,1009214,1
538,1009545,64
538,1013025,38
538,1013350,84
538,1015272,51
538,1021142,80
538,1022925,101
538,1023542,1
538,1024523,86
538,1026581,33
538,1026690,101
538,1027798,1
538,1029091,91
538,1029833,71
538,1034214,73
539,1037847,61
540,1051565,91
541,1000335,1
541,1000454,1
541,1002183,1
541,1002217,1
541,1002280,1
541,1002960,91
541,1003229,1
541,1003454,91
541,1003704,1
541,1004459,91
541,1004994,1
541,1005017,1
541,1005290,1
541,1006078,1
541,1006971,1
541,1007331,1
541,1007420,1
541,1007607,1
541,1007986,1
541,1008023,1
541,1008048,91
541,1009214,1
541,1009400,1
541,1009545,31
541,1010787,1
541,1011104,1
541,1012395,91
541,1012998,1
541,1013012,91
541,1013025,91
541,1013350,1
541,1013424,1
541,1013438,1
541,1013691,1
541,1014091,1
541,1014120,91
541,1014252,1
541,1015272,1
541,1016600,51
541,1017716,1
541,1017874,1
541,1018442,1
541,1020778,1
541,1021142,1
541,1021515,1
541,1021580,91
541,1022538,51
541,1022925,1
541,1023542,31
541,1024523,1
541,1024533,1
541,1024565,1
541,1025477,1
541,1025776,1
541,1025892,1
541,1026581,1
541,1026690,91
541,1027718,1
541,1027798,1
541,1027978,91
541,1028073,1
541,1029091,1
541,1029489,91
541,1029833,1
541,1034214,91
541,1037847,51
541,1045696,1
541,1045704,91
541,1046217,1
541,1051565,91
541,1053507,1
541,1082975,1
541,1098153,51
542,1000335,88
542,1000454,91
542,1001612,90
542,1002183,81
542,1002217,82
542,1002280,71
542,1002960,77
542,1003229,75
542,1003454,80
542,1003704,88
542,1004459,82
542,1005290,88
542,1006078,86
542,1006971,86
542,1007331,81
542,1007420,93
542,1007986,66
542,1008023,86
542,1009214,81
542,1009400,71
542,1010787,91
542,1011104,81
542,1012395,81
542,1012998,90
542,1013012,81
542,1013025,81
542,1013350,86
542,1013424,73
542,1013438,51
542,1013691,71
542,1014091,90
542,1014120,1
542,1014252,66
542,1015272,101
542,1016600,91
542,1017403,66
542,1017716,79
542,1017874,71
542,1020778,81
542,1021142,90
542,1021515,90
542,1022925,82
542,1023542,91
542,1024533,81
542,1024565,86
542,1025892,81
542,1026690,90
542,1027718,90
542,1027798,81
542,1027978,81
542,1028073,81
542,1029091,71
542,1029833,81
542,1034214,81
542,1037731,90
542,1037847,88
542,1045696,91
542,1045704,81
542,1051565,91
542,1053507,51
542,1098153,88
543,1002960,49
543,1003454,91
543,1004459,81
543,1004994,91
543,1007206,101
543,1010787,91
543,1011104,1
543,1013012,91
543,1014091,91
543,1014120,84
543,1014252,91
543,1016600,91
543,1021580,91
543,1027718,91
543,1027978,101
543,1034214,88
543,1037731,91
543,1037847,1
543,1045704,91
543,1053507,91
544,1000454,91
544,1007420,91
544,1008023,91
544,1009214,91
544,1014091,91
544,1014252,91
544,1015272,91
544,1021142,91
544,1022925,91
544,1045704,91
544,1046217,91
545,1003704,101
545,1027718,101
545,1037731,101
545,1037847,101
545,1045696,101
545,1045704,91
545,1051565,101
545,1053507,91
546,1014120,91
546,1045704,101
547,1045696,61
548,1051565,91
549,1000335,1
549,1005017,1
549,1014091,1
549,1016600,1
549,1020778,77
549,1027798,101
549,1037731,1
549,1037847,1
549,1045696,31
549,1053507,1
551,1007420,91
551,1009214,91
551,1013025,91
551,1014091,91
551,1021142,91
551,1046217,71
552,1037731,71
552,1045696,101
553,1004994,1
553,1008023,91
553,1009400,91
553,1014091,91
553,1025892,91
553,1027718,1
553,1045704,1
554,1000454,91
554,1013012,31
554,1014252,91
554,1017874,91
554,1020778,51
554,1021580,51
554,1027718,51
554,1028073,51
554,1037847,91
554,1045696,91
554,1045704,71
554,1053507,51
555,1004459,51
555,1037847,91
557,1002960,91
557,1003454,91
557,1009545,91
557,1013012,91
557,1014252,91
557,1021580,91
557,1027718,91
557,1029489,91
557,1037847,91
557,1045704,91
558,1013012,91
558,1014252,91
558,1045704,91
558,1051565,91
558,1053507,91
559,1000454,91
559,1002960,71
559,1007331,91
559,1007420,91
559,1013025,91
559,1014091,91
559,1014252,91
559,1015272,91
559,1016600,91
559,1017874,91
559,1021142,91
559,1028073,91
559,1037731,101
559,1046217,91
559,1051565,91
559,1053507,91
560,1005017,91
560,1006078,76
560,1009214,81
560,1013424,101
560,1013438,101
560,1018350,101
560,1018442,101
560,1024523,101
560,1024533,101
560,1024565,101
560,1026581,101
560,1029833,94
560,1082975,101
561,1000335,91
561,1000454,91
561,1004459,91
561,1005017,91
561,1006078,91
561,1007331,91
561,1007420,91
561,1008023,91
561,1009214,91
561,1009400,91
561,1016600,91
561,1020778,91
561,1021142,91
561,1025776,91
561,1028073,91
562,1000335,51
562,1000454,81
562,1001612,1
562,1002217,81
562,1002960,61
562,1003229,71
562,1003454,91
562,1004459,51
562,1005017,71
562,1005290,81
562,1006971,51
562,1007420,81
562,1008023,81
562,1010787,81
562,1011104,81
562,1012395,11
562,1013012,91
562,1014091,1
562,1014120,51
562,1014252,81
562,1015272,81
562,1016600,91
562,1017874,101
562,1020778,81
562,1021142,91
562,1021515,81
562,1021580,91
562,1025776,81
562,1025892,91
562,1026690,81
562,1027718,91
562,1027798,91
562,1027978,81
562,1029091,91
562,1034214,81
562,1037731,91
562,1037847,91
562,1045696,71
562,1045704,81
562,1051565,91
562,1053507,91
562,1098153,71
563,1017874,101
564,1000335,91
564,1000454,91
564,1005290,91
564,1006078,91
564,1008023,91
564,1009214,91
564,1009400,91
564,1020778,91
564,1021142,91
564,1023954,91
564,1025477,91
564,1025776,91
565,1000335,91
565,1000454,91
565,1002217,101
565,1002960,81
565,1003454,91
565,1003704,101
565,1004994,101
565,1005290,61
565,1006078,89
565,1006971,91
565,1007420,101
565,1008023,91
565,1009214,71
565,1009545,101
565,1010787,101
565,1011104,91
565,1013012,71
565,1013424,101
565,1013438,101
565,1013691,101
565,1014091,91
565,1014120,91
565,1014252,91
565,1015272,101
565,1016600,81
565,1017874,91
565,1020778,91
565,1024523,71
565,1024565,101
565,1027718,101
565,1027978,101
565,1028073,92
565,1029091,91
565,1034214,101
565,1037731,101
565,1037847,91
565,1045696,1
565,1045704,91
565,1046217,101
565,1051565,91
565,1053507,101
566,1000454,91
566,1004994,91
566,1005017,91
566,1005290,91
566,1009214,91
566,1009400,91
566,1012998,91
566,1013438,91
566,1013691,91
566,1014091,91
566,1015272,91
566,1016600,91
566,1025892,91
566,1027718,91
566,1027798,91
567,1000335,1
567,1000454,1
567,1000781,101
567,1002217,101
567,1002280,1
567,1002960,61
567,1003229,1
567,1005017,101
567,1005290,31
567,1006078,1
567,1006971,1
567,1008023,41
567,1008048,61
567,1009214,41
567,1011104,1
567,1013012,1
567,1013350,91
567,1013424,1
567,1013691,101
567,1014091,1
567,1015272,101
567,1016600,1
567,1017874,101
567,1021142,101
567,1021580,91
567,1022925,31
567,1024533,1
567,1025776,1
567,1027798,101
567,1027978,101
567,1028073,91
567,1029489,31
567,1029833,101
567,1034214,91
567,1037847,101
567,1045696,1
567,1045704,71
567,1053507,1
568,1034214,91
569,1005017,91
570,1014120,101
571,1037847,101
571,1045704,101
571,1098153,101
572,1000454,91
572,1002960,95
572,1003454,91
572,1004459,94
572,1006078,1
572,1009545,101
572,1013012,96
572,1013025,101
572,1014120,101
572,1014252,91
572,1016600,99
572,1021580,91
572,1023542,91
572,1027718,91
572,1029489,91
572,1034214,101
572,1037731,96
572,1037847,101
572,1045704,91
572,1051565,88
572,1053507,91
572,1098153,94
573,1051565,91
573,1053507,91
574,1002960,91
574,1003454,71
574,1004459,71
574,1005017,41
574,1006078,57
574,1008048,71
574,1009545,86
574,1013012,51
574,1013025,81
574,1014120,97
574,1016600,41
574,1017874,1
574,1022925,1
574,1024565,1
574,1027978,61
574,1034214,101
574,1037847,1
574,1045704,1
574,1051565,81
575,1005290,51
575,1007331,91
575,1009214,51
575,1009545,91
575,1024523,71
575,1025477,51
575,1025892,71
575,1027798,71
575,1098153,91
577,1001612,91
577,1004459,91
577,1007331,91
577,1013025,91
577,1016600,91
577,1037731,91
577,1037847,91
578,1002960,91
578,1003454,31
578,1013012,31
578,1014120,91
578,1021580,1
578,1027978,91
578,1029489,91
578,1037847,91
578,1045704,91
578,1051565,31
578,1053507,1
579,1000335,91
579,1005290,91
579,1008048,91
579,1009545,91
579,1010787,91
579,1020778,91
579,1026581,31
579,1046217,11
580,1000454,86
580,1001612,29
580,1006078,1
580,1008023,86
580,1010787,77
580,1013424,101
580,1015272,1
580,1016600,18
580,1017874,1
580,1027718,79
580,1037731,81
580,1037847,77
580,1045696,88
580,1045704,101
580,1051565,101
580,1053507,101
581,1000335,101
581,1000454,101
581,1003229,101
581,1006971,101
581,1008023,91
581,1010787,101
581,1011104,91
581,1014091,71
581,1014120,1
581,1014252,101
581,1017874,101